id,context,english
# ---------------------------------------------------------------------------
# Project Murmur string table. Three columns: a stable id, a note on where
# the string appears and what fills its slots, and the English text.
#
# Every line below is placeholder text written by an agent, so every line is
# wrapped in [square brackets]. When a writer replaces one with real prose
# they drop the brackets in the same edit; anything bracketed on screen has
# not been through a writer yet.
#
# {named} slots are filled at runtime. The context column names every slot a
# string takes. Rows whose id is blank or starts with # are ignored.
# ---------------------------------------------------------------------------

# --- start screen ----------------------------------------------------------
ui.start.title,Game title on the start screen. Spaced out for display.,[P R O J E C T   M U R M U R]
ui.start.pitch.1,Start screen: first line of the premise.,"[A social-stealth contract campaign. Take a job, slip in,]"
ui.start.pitch.2,Start screen: second line of the premise.,[eliminate the target and walk out unremarked.]
ui.start.rules.1,"Start screen rule summary: the disguise system.",[Blend in: your clothes decide where you belong.]
ui.start.rules.2,Start screen rule summary: what guards react to.,"[Guards notice trespass, weapons, bodies, and worse.]"
ui.start.rules.3,Start screen rule summary: contract conditions.,"[Contracts carry one hard condition; break it, no pay.]"
ui.start.rules.4,Start screen rule summary: the cost of failure.,[Arrest costs your kit and a fine. Death ends everything.]
ui.start.keys_heading,Underlined heading above the compact key list.,[keys]
ui.start.help_hint,Start screen: points at the in-mission help overlay.,[Press ? during a mission for the full list.]
ui.start.mouse.1,Start screen mouse hint: first line.,"[The mouse works too: hover anything to inspect it,]"
ui.start.mouse.2,Start screen mouse hint: second line.,[click a seen tile to walk there and click any prompt]
ui.start.mouse.3,Start screen mouse hint: third line.,[or action instead of pressing its key.]
ui.start.prompt.continue,Start screen prompt when a saved campaign exists.,[Enter: continue your campaign]
ui.start.prompt.begin,Start screen prompt when there is no save.,[Enter: begin your campaign]
ui.start.prompt.new,Start screen prompt to discard the save and start over.,[n: start over]
ui.start.prompt.quit,Start screen prompt to leave the program.,[q: quit]

# --- start over confirmation ----------------------------------------------
ui.confirm_new.title,Heading of the dialog guarding a destructive restart.,[Start over?]
ui.confirm_new.body.1,Restart warning: what is lost. Line one of three.,"[This discards your saved campaign — the money,]"
ui.confirm_new.body.2,Restart warning: line two of three.,[the kit and everyone you have already dealt with.]
ui.confirm_new.body.3,Restart warning: line three of three.,"[There is only one save, and no way back.]"
ui.confirm_new.prompt.yes,Restart dialog: confirm and destroy the save.,"[y: yes, start over]"
ui.confirm_new.prompt.no,Restart dialog: any other key keeps the campaign.,[any other key: keep my campaign]

# --- the hub (contract board, stash, fence) --------------------------------
ui.hub.title,Heading of the campaign hub screen.,[THE SYNDICATE DESK]
ui.hub.wallet,"Hub status line. {cash} is a money amount, {contracts} a count.",[cash {cash}   contracts done {contracts}]
ui.hub.district_heat,"One district's heat, joined into a row. {district} name, {heat} 0-5.",[{district}: heat {heat}]
ui.hub.loadout.title,"Heading while picking a loadout. {venue} and {district} name the job.",[LOADOUT for the {venue} job in {district} (pick up to three)]
ui.hub.loadout.prompt.take,Loadout prompt: accept the contract and go to the briefing.,[Enter: take the job]
ui.hub.loadout.prompt.back,Loadout prompt: return to the contract board.,[Esc: back to the board]
ui.hub.offers.title,Heading above the list of available contracts.,[CONTRACTS ON OFFER]
ui.hub.offer.line,"One contract row. {venue}, {district}, {payout} money, {heat} 0-5.",[{venue} in {district} - pays {payout}  (heat {heat})]
ui.hub.offer.hook,"Why the target is marked. {hook} is a briefing reason clause.",[    the target {hook}]
ui.hub.offer.condition,"The contract's hard condition, abbreviated. {condition} is the short form.",[    condition: {condition}]
ui.hub.offer.pass,Hub row: decline the whole board and roll a new one.,[let this board pass]
ui.hub.stash.title,Heading above the player's owned equipment.,[YOUR STASH]
ui.hub.stash.empty,Shown in place of the stash list when nothing is owned.,[nothing but your hands]
ui.hub.fence.title,Heading above the equipment shop.,[THE FENCE (click or key to buy)]
ui.hub.fence.owned,"A shop row for an item already owned. {name} is the item name.",[{name} - owned]
ui.hub.fence.forsale,"A buyable shop row. {name} item, {price} money, {approach} play style.",[{name} - {price} ({approach})]
ui.hub.footer,Hub footer summarising the keys the board accepts.,[1/2: study a contract        Esc: back        q: quit]
ui.hub.msg.fresh_start,Hub message after starting a brand new campaign.,[a fresh start]
ui.hub.msg.contract_passed,Hub message after walking away from a briefing.,[you let the contract pass]
ui.hub.msg.board_refreshed,Hub message after declining the board.,[the board turns over]
ui.hub.msg.bought,"Hub message after a purchase. {item} is the item name.",[bought: {item}]
ui.hub.msg.generation_failed,Hub message when mission generation gave up. Should be near-impossible.,[the contract fell through; the board moves on]

# --- the briefing ----------------------------------------------------------
ui.briefing.title,Heading of the pre-mission briefing.,[MISSION BRIEFING]
ui.briefing.subtitle,"Briefing byline. {seed} is the mission seed, {venue} and {district} the job.",[contract {seed} - {venue} in {district}]
ui.briefing.target,"{name} is the generated target's full name.",[Target: {name}]
ui.briefing.reason,"Why the client wants them dead. {hook} is a reason clause.",[Reason: the target {hook}]
ui.briefing.locations,"Rooms the target's routine visits. {rooms} is a comma-joined list.",[Likely locations: {rooms}]
ui.briefing.locations_unknown,Stands in for the room list when the target's routine is unknown.,[unknown]
ui.briefing.condition,"The contract's hard condition in full. {condition} is the long form.",[Condition: {condition}]
ui.briefing.payout,{payout} is the money paid for a clean job.,[Payout on a clean job: {payout}]
ui.briefing.security,Population counts. {guards} {staff} {guests} are numbers.,[Security: {guards} guards on shift; {staff} staff; about {guests} guests]
ui.briefing.restricted,"Rooms a civilian cannot enter. {rooms} is a comma-joined list.",[Restricted areas: {rooms}]
ui.briefing.disguises,"Disguises present in the venue. {disguises} is a comma-joined list.",[Disguises seen on site: {disguises}]
ui.briefing.containers,{count} is the number of body-sized containers found.,[Places to hide a body: {count} known containers]
ui.briefing.extraction,"Where the player may leave. {exits} is a list joined with 'or'.",[Extraction: {exits}]
ui.briefing.word.some,"Opportunity machine hints. {hints} is a semicolon-joined list.",[Word on the inside: {hints}]
ui.briefing.word.none,Replaces the hint line when no opportunity machines were placed.,[Word on the inside: nothing unusual]
ui.briefing.loadout.some,"{items} is a comma-joined list of the items taken in.",[You carry: {items}]
ui.briefing.loadout.none,Replaces the loadout line when nothing was taken.,[You go in empty-handed.]
ui.briefing.entry,"Briefing closer: the player always starts as a guest in civilian dress.",[You enter as a guest in civilian clothes.]
ui.briefing.prompt.go,Briefing prompt: begin the mission.,[Enter: go in]
ui.briefing.prompt.pass,Briefing prompt: decline and return to the hub.,[Esc: let the contract pass]

# --- the debrief -----------------------------------------------------------
ui.debrief.headline.completed,Debrief headline: target dead and the condition held.,[CONTRACT COMPLETED]
ui.debrief.headline.breached,Debrief headline: extracted but the condition was broken.,[CONTRACT BREACHED]
ui.debrief.headline.target_escaped,Debrief headline: the target got out alive.,[TARGET ESCAPED]
ui.debrief.headline.arrested,Debrief headline: the player was arrested.,[ARRESTED]
ui.debrief.headline.killed,Debrief headline: the player died. Ends the campaign.,[KILLED IN ACTION]
ui.debrief.headline.abandoned,Debrief headline: the player walked out of the run.,[CONTRACT ABANDONED]
ui.debrief.result,"How the contract ended. {result} is a result phrase.",[the contract {result}]
ui.debrief.payout,{payout} is the money actually paid.,[payout: {payout}]
ui.debrief.breach,"Why the contract was voided. {reason} names the broken condition.",[breached: {reason}]
ui.debrief.fine,{fine} is money deducted after an arrest.,[fine paid: {fine}]
ui.debrief.confiscated,"{items} is a comma-joined list of gear lost to an arrest.",[confiscated: {items}]
ui.debrief.heat_rose,Shown when the job raised the district's heat.,[the district runs hotter now]
ui.debrief.cash,{cash} is the campaign wallet after settling up.,[cash: {cash}]
ui.debrief.footer,"Run statistics. {turns} is a turn count, {seed} the mission seed.",[{turns} turns   seed {seed}]
ui.debrief.prompt.back,Debrief prompt: return to the hub.,[Enter: back to the desk]

# --- campaign over ---------------------------------------------------------
ui.campaign_over.title,Heading shown when the operative dies and the run ends.,[THE CAMPAIGN ENDS HERE]
ui.campaign_over.tally,"{taken} contracts accepted, {killed} targets eliminated.","[{taken} contracts taken, {killed} targets eliminated]"
ui.campaign_over.earned,{earned} is total money earned across the run.,[{earned} earned across the run]
ui.campaign_over.record,"One past contract. {venue}, {district}, {result} phrase.",[{venue} in {district}: {result}]
ui.campaign_over.prompt.again,Campaign-over prompt: begin a fresh campaign.,[Enter: a new operative takes the desk]
ui.campaign_over.prompt.quit,Campaign-over prompt: leave the program.,[q: quit]

# --- contract results ------------------------------------------------------
result.completed,Contract outcome phrase: clean success.,[completed cleanly]
result.completed_unclean,Contract outcome phrase: target dead but the condition broke.,"[completed, contract breached]"
result.abandoned,Contract outcome phrase: the player walked away mid-run.,[abandoned]
result.target_escaped,Contract outcome phrase: the target survived and left.,[the target escaped]
result.arrested,Contract outcome phrase: the player was arrested.,[ended in arrest]
result.killed,Contract outcome phrase: the player died.,[ended in death]

# --- campaign errors -------------------------------------------------------
campaign.err.over,Refusal when acting on a finished campaign.,[the campaign is over]
campaign.err.loadout_full,Refusal when more than three items are chosen.,[a loadout carries at most three items]
campaign.err.not_owned,"Refusal when taking an unowned item. {item} is the item id.",[you do not own '{item}']
campaign.err.already_owned,Shop refusal: the item is already in the stash.,[already owned]
campaign.err.no_cash,Shop refusal: not enough money.,[not enough cash]

# --- mission sidebar -------------------------------------------------------
ui.mission.panel.map.ground,Title of the map panel on the ground storey.,[ground floor]
ui.mission.panel.map.upper,Title of the map panel on the upper storey.,[upper floor]
ui.mission.panel.map.numbered,"Map panel title above two storeys. {n} is the storey number.",[floor {n}]
ui.mission.panel.events,Title of the event log panel.,[events]
ui.mission.panel.agent,Title of the right-hand status sidebar.,[agent]
ui.mission.status,"Sidebar top line. {turn} is the turn number, {seed} the mission seed.",[turn {turn}   seed {seed}]
ui.mission.health,Label before the health hearts.,[health ]
ui.mission.crouched,Appended to the health line while crouching.,[   crouched]
ui.mission.wearing,Label before the currently worn disguise name.,[wearing ]
ui.mission.hands.free,Sidebar line when the player is carrying nothing.,[hands free]
ui.mission.hands.body,"Sidebar line while carrying a corpse. {name} is the dead person.",[carrying {name}]
ui.mission.hands.drawn,"Sidebar line with a weapon out. {weapon} name, {ammo} rounds left.",[{weapon} drawn ({ammo} rounds)]
ui.mission.hands.unknown_weapon,Fallback name when a drawn weapon has no item spec.,[weapon]
ui.mission.area.legitimate,Sidebar verdict: the disguise permits this area.,[area: legitimate]
ui.mission.area.invited,Sidebar verdict: access granted by a carried invitation.,[area: invited]
ui.mission.area.staff_access,Sidebar verdict: access granted by an authored room exception.,[area: staff access]
ui.mission.area.pass,Sidebar verdict: access granted by a forged staff pass.,[area: pass shown]
ui.mission.area.trespassing,Sidebar verdict: the player is somewhere they may not be.,[area: TRESPASSING]
ui.mission.venue.quiet,Sidebar posture at heat tier 0.,[venue: quiet]
ui.mission.venue.wary,Sidebar posture at heat tier 1.,[venue: security wary]
ui.mission.venue.backup,Sidebar posture at heat tier 2 and above.,[venue: backup on site]
ui.mission.contract.breached,Sidebar line once the contract condition has been broken.,[contract: BREACHED]
ui.mission.contract.intact,"Sidebar line while the condition holds. {condition} is the short form.",[contract: {condition}]
ui.mission.inventory.title,Underlined heading above the six inventory slots.,[inventory]
ui.mission.inventory.slot,"A filled inventory slot. {n} is 1-6, {name} the item.",[ {n}. {name}]
ui.mission.inventory.slot_charges,"A filled slot with charges. {n} slot, {name} item, {charges} left.",[ {n}. {name} ({charges})]
ui.mission.inventory.empty,An empty inventory slot. {n} is the slot number.,[ {n}. -]
ui.mission.insight.title,Underlined heading above the list of visible people.,[in sight]
ui.mission.insight.nobody,Shown when nobody is visible.,[ nobody]
ui.mission.insight.actor,"One visible person. {name}, {range} distance, {mood} state.",[ {name}{range} - {mood}]
ui.mission.insight.more,"{count} further visible people the panel has no room for.",[ and {count} more]
ui.mission.hunting,"Alarm count over the whole venue. {count} people are hunting you.",[!! {count} hunting you]
ui.mission.target_dead,Sidebar line once the target has been eliminated.,[target eliminated]
ui.mission.reach_exit,Sidebar line telling the player to extract.,[reach an X exit]
ui.mission.actions.title,Underlined heading above the clickable action palette.,[actions (click or key)]
ui.mission.footer.move,Sidebar footer: movement and hover.,[arrows move - hover inspects]
ui.mission.footer.speed,Sidebar footer. {speed} is the current pacing label.,[Esc cancel - [ ] speed: {speed}]
ui.mission.slot_line,"Inspection line for a read slot. {n} slot, {name} item, {detail} notes.",[slot {n}: {name} - {detail}]
ui.mission.slot_line.empty,Inspection line for an empty slot. {n} is the slot number.,[slot {n}: empty]
ui.mission.slot_line.unknown,"Inspection line when the item has no spec. {n} slot, {id} raw id.",[slot {n}: {id}]
ui.mission.here,"Inspection line for the hovered tile. {what} is the tile description.",[here: {what}]
ui.mission.log.repeat,"A log line that occurred several turns running. {text} the line, {count} how many.",[{text} (x{count})]

# --- item notes (what carrying a thing lets you do) ------------------------
ui.mission.item.enables,"An item's verb. {action} is a palette label, {key} its key.",[enables {action} ({key})]
ui.mission.item.invitation,Note on an invitation item.,[you are an invited guest]
ui.mission.item.staff_pass,Note on a forged staff pass.,[counts as staff wherever you are]
ui.mission.item.master_key,Note on a key that opens everything.,[opens every lock here]
ui.mission.item.one_lock,Note on a key that opens a single room's doors.,[opens one kind of locked door]
ui.mission.item.charges,{count} uses remain.,[{count} left]
ui.mission.item.no_use,Note on an item with no verb of its own.,[no use of its own]

# --- tile inspection -------------------------------------------------------
ui.mission.tile.unseen,Inspection of a tile the player has never seen.,[unseen]
ui.mission.tile.nothing,Inspection of a tile with nothing worth naming.,[nothing of note]
ui.mission.tile.room,"A room and its access tier. {room} name, {zone} venue label.",[{room} ({zone})]
ui.mission.tile.corridor,Inspection of floor outside any room.,[corridor]
ui.mission.tile.wall,Inspection of a wall tile.,[wall]
ui.mission.tile.stairs,Inspection of a staircase tile.,[stairs]
ui.mission.tile.door.open,Inspection of an open door.,[open door]
ui.mission.tile.door.closed,Inspection of a closed door.,[closed door]
ui.mission.tile.door.locked,"A locked door. {state} is the open/closed description.",[{state} (locked)]
ui.mission.tile.exit,Inspection of an extraction tile.,[extraction exit]
ui.mission.tile.you,Inspection of the player's own tile.,[you]
ui.mission.tile.target,"The mission target. {name} person, {role} job, {mood} state.","[{name} - THE TARGET ({role}, {mood})]"
ui.mission.tile.actor,"Any other person. {name}, {role} job, {mood} state.","[{name} ({role}, {mood})]"
ui.mission.tile.body,{name} is the dead person.,[the body of {name}]
ui.mission.tile.low_cover,Inspection of a desk or table that blocks sight to crouchers.,[low cover]
ui.mission.tile.container,Inspection of an empty body-sized container.,[container]
ui.mission.tile.container_full,Inspection of a container with a body already in it.,[container (occupied)]
ui.mission.tile.wardrobe,"A wardrobe holding clothes. {disguise} is the disguise name.",[wardrobe ({disguise})]
ui.mission.tile.wardrobe_empty,Inspection of a wardrobe with nothing in it.,[wardrobe (empty)]
ui.mission.tile.machine,"An unused opportunity. {name}, {presentation} look, {risk} warning.",[{name} - {presentation} ({risk})]
ui.mission.tile.machine_spent,"An opportunity already used. {name} is the machine name.",[{name} (spent)]
ui.mission.tile.machinery,Fallback for a machine with no opportunity spec.,[machinery]

# --- targeting prompts -----------------------------------------------------
mission.prompt.garrote,Prompt asking which way to garrote.,[garrote - which direction?]
mission.prompt.pickpocket,Prompt asking which way to pickpocket.,[pickpocket - which direction?]
mission.prompt.disguise,Prompt asking where to take clothes from.,[take disguise - which direction?]
mission.prompt.carry_body,Prompt asking which body to pick up.,[carry body - which direction? (b again: here)]
mission.prompt.hide_body,Prompt asking which container to use.,[hide body - which direction?]
mission.prompt.drop_body,Prompt asking where to put a carried body.,[drop body - which direction? (b again: here)]
mission.prompt.open_door,Prompt asking which door to open.,[open - which direction?]
mission.prompt.close_door,Prompt asking which door to close.,[close - which direction?]
mission.prompt.pick_lock,Prompt asking which lock to pick.,[pick lock - which direction?]
mission.prompt.use_machine,Prompt asking which machine to use.,[use - which direction?]
mission.prompt.throw,Prompt while aiming a noisemaker throw.,"[aim the throw - Enter or click throws, Esc cancels]"
mission.prompt.shoot,"Prompt while cycling shot targets. {name}, {n} of {total}.","[aim: {name} ({n}/{total}) - Enter or click fires, Esc cancels]"
mission.confirm.abandon,Yes/no question guarding an abandoned run.,[abandon the run and walk away? y / n]

# --- mission notices (shell-side, not simulation events) -------------------
mission.notice.entered,First log line of every mission.,[you slip in through the entrance]
mission.notice.nothing_there,Refusal when a targeted action finds no valid target on that tile.,[nothing suitable there]
mission.notice.no_path,Refusal when a click-to-move destination cannot be reached.,[no way through to there]
mission.notice.queue_full,Refusal when the command queue is at capacity.,[you can't plan any further ahead]
mission.notice.stopped,Confirmation that queued commands were cancelled.,[you stop what you were doing]
mission.notice.speed,"Confirmation of a pacing change. {speed} is the new label.",[speed: {speed}]
mission.notice.blocked,"A targeted action with no target. {reason} says why.",[can't: {reason}]
mission.notice.rejected,"A command refused before the turn ran. {reason} says why.",[rejected: {reason}]

# --- why an action is unavailable right now --------------------------------
mission.block.no_firearm_owned,Draw/holster is unavailable: no firearm carried.,[you have no firearm]
mission.block.no_garrote,Garrote is unavailable: none carried.,[you carry no garrote]
mission.block.no_garrote_target,Garrote is unavailable: nobody adjacent.,[no one to garrote]
mission.block.no_firearm,Shoot is unavailable: no firearm carried.,[you carry no firearm]
mission.block.no_target,Shoot is unavailable: nobody visible.,[no target in sight]
mission.block.pockets_full,Pickpocket is unavailable: the inventory is full.,[your pockets are full]
mission.block.no_mark,Pickpocket is unavailable: nobody and no body adjacent.,[no one to pickpocket]
mission.block.hands_busy,An action needs free hands and the player's are not.,[your hands are not free]
mission.block.no_clothes,Disguise is unavailable: no body or stocked wardrobe adjacent.,[no clothes to take here]
mission.block.no_body,Carry is unavailable: no corpse adjacent.,[no body to carry]
mission.block.not_carrying,Hide body is unavailable: nothing is being carried.,[you aren't carrying a body]
mission.block.no_container,Hide body is unavailable: no empty container adjacent.,[no container to hide it in]
mission.block.no_door_to_open,Open is unavailable: no closed door adjacent.,[no door to open]
mission.block.no_door_to_close,Close is unavailable: no open door adjacent.,[no door to close]
mission.block.no_lockpicks,Pick lock is unavailable: none carried.,[you carry no lockpicks]
mission.block.no_lock,Pick lock is unavailable: no locked door adjacent.,[no lock to pick]
mission.block.no_charges,Noisemaker is unavailable: no charges left.,[no noisemaker charges]
mission.block.nothing_to_use,Use is unavailable: no unused machine adjacent.,[nothing to use here]

# --- pre-turn command rejections ------------------------------------------
reject.occupied,A command was refused: someone stands on the target tile.,[someone is standing there]
reject.door_locked,A command was refused: the door is locked.,[the door is locked]
reject.door_open,A command was refused: the door is already open.,[the door is already open]
reject.door_closed,A command was refused: the door is already closed.,[the door is already closed]
reject.door_far,A command was refused: no door within reach.,[no such door within reach]
reject.door_blocked,A command was refused: something is in the doorway.,[the doorway is blocked]
reject.not_adjacent,A command was refused: the target is out of reach.,[not close enough]
reject.target_gone,A command was refused: the target has moved or died.,[they are no longer there]
reject.not_behind,A command was refused: the garrote needs the player behind the mark.,[you must be directly behind them]
reject.hands_busy,A command was refused: the player's hands are full.,[your hands are not free]
reject.not_carrying_body,A command was refused: no body is being carried.,[you are not carrying a body]
reject.not_container,A command was refused: that furniture cannot hold a body.,[that cannot hold a body]
reject.container_full,A command was refused: the container already holds a body.,[it is already occupied]
reject.no_disguise,A command was refused: nothing wearable there.,[no usable clothing there]
reject.target_conscious,A command was refused: you cannot undress the living.,[they are in no state to undress]
reject.inventory_full,A command was refused: the inventory is full.,[your pockets are full]
reject.nothing_to_steal,A command was refused: the mark carries nothing takeable.,[nothing worth taking]
reject.no_weapon,A command was refused: no weapon carried.,[you carry no weapon]
reject.no_ammo,A command was refused: the firearm is empty.,[the pistol is empty]
reject.weapon_holstered,A command was refused: the firearm must be drawn first.,[your weapon is holstered]
reject.not_visible,A command was refused: no line of sight to the target.,[no line of sight]
reject.out_of_range,A command was refused: the target is too far to shoot.,[out of range]
reject.no_garrote,A command was refused: no garrote carried.,[you carry no garrote]
reject.no_lockpicks,A command was refused: no lockpicks carried.,[you carry no lockpicks]
reject.door_not_locked,A command was refused: that door is not locked.,[that door is not locked]
reject.no_noisemaker,A command was refused: no noisemaker charges left.,[no noisemaker charges left]
reject.nothing_to_use,A command was refused: no machine there.,[nothing to use there]
reject.machine_spent,A command was refused: the machine has been used.,[it has already been used]
reject.mission_over,A command was refused: the mission has already ended.,[the mission is over]
reject.blocked_wall,Movement refused by a wall.,[the way is blocked by a wall]
reject.blocked_terrain,Movement refused by impassable terrain.,[the way is blocked by terrain]
reject.blocked_furniture,Movement refused by furniture.,[the way is blocked by furniture]
reject.blocked_body,Movement refused by a corpse on the tile.,[the way is blocked by a body]
reject.no_throw_target,A throw was refused: nowhere for the noisemaker to land.,[nowhere to land a throw]

# --- simulation event log --------------------------------------------------
log.draw,The player drew a firearm.,[you draw the pistol]
log.holster,The player put a firearm away.,[you holster the pistol]
log.noisemaker,A thrown noisemaker went off.,[a sharp crack echoes off the walls]
log.lock_picked,A locked door was picked open.,[the lock gives way under your picks]
log.shot,"A firearm killed someone. {name} is the person shot.",[the pistol coughs; {name} drops]
log.arrest,Guards caught the player. Ends the mission.,[a hand clamps your shoulder: you are under arrest]
log.pickpocket,"An item was lifted from someone. {item} is the item name.",[you palm the {item}]
log.disguise_taken,"The player changed clothes. {disguise} is the new disguise.",[you change into the {disguise}]
log.body_lifted,The player picked up a corpse.,[you heave the body up]
log.body_dropped,The player put a corpse down.,[you set the body down]
log.body_hidden,A corpse was stowed in a container.,[the body disappears from sight]
log.player_killed,The player died. Ends the campaign.,[everything goes dark]
log.target_escaped,The target left the venue alive. Ends the mission.,[the target slips away into the night; the job is blown]
log.extracted,The player reached an extraction exit and left.,[you slip out into the night; the job is done]
log.lights_cut,The fuse box was used and the storey went dark.,[the fuses blow; darkness rolls across the floor]
log.hoist_hit,"The rigged hoist killed someone. {name} is the person crushed.",[the hoist gives way; a crate crushes {name}]
log.hoist_miss,The rigged hoist was used with nobody beneath it.,[the hoist lets go; the crate shatters on empty floor]
log.fire_alarm,The fire alarm was pulled and the venue began evacuating.,[the fire alarm shrieks; the whole club surges for the exits]
log.key_taken,"An item was lifted from a machine. {item} is the item name.",[you lift the {item}]
log.failed,"An action failed during its turn. {reason} says why.",[failed: {reason}]
log.breached,"The contract condition was broken. {reason} names the condition.",[CONTRACT BREACHED: {reason}]
log.garrotted,"A garrote kill landed. {name} is the person killed.",[{name} is garrotted silently]
log.struck_down,"A melee blow killed someone. {name} is the person killed.",[{name} is struck down]
log.struck,"A melee blow hurt someone without killing them. {name} is the victim.",[{name} is struck]
log.target_bolts,"The target fled the venue. {name} is the target.",[{name} bolts out into the night]
log.heat.word_spreads,Logged when mission heat reaches tier one and security tightens.,[word spreads among security: something is wrong]
log.heat.backup_arrives,Logged when mission heat reaches tier two and guards are sent in.,[backup security pushes in through the entrance]
actor.backup_guard,"Name given to a guard spawned by heat. {n} counts from one.",[backup guard {n}]

# --- in-turn action failures ----------------------------------------------
fail.garrote_missed,The garrote attempt did not land.,[the garrote finds no purchase]
fail.no_weapon,A shot was attempted with no weapon.,[no weapon to fire]
fail.cannot_fire,A shot was attempted with an unusable weapon.,[the pistol cannot fire]
fail.no_line,A shot was attempted with no clear line.,[the shot has no clear line]
fail.blow_missed,A melee attack missed.,[the blow misses]
fail.arrest_failed,An arrest attempt did not land.,[the arrest fails]
fail.mark_slipped,The pickpocket target moved away first.,[the mark slipped away]
fail.pockets_full,A pickpocket succeeded but there was no room to carry it.,[your pockets are full]
fail.nothing_to_steal,The pickpocket target carried nothing takeable.,[nothing worth taking]
fail.hands_busy,An action needed free hands.,[your hands are not free]
fail.clothes_far,The body being undressed is out of reach.,[the clothes are out of reach]
fail.wardrobe_gone,The wardrobe is no longer there.,[the wardrobe is gone]
fail.wardrobe_far,The wardrobe is out of reach.,[the wardrobe is out of reach]
fail.wardrobe_empty,The wardrobe holds no clothes.,[the wardrobe is empty]
fail.cannot_lift,The body could not be picked up.,[you cannot lift the body]
fail.nothing_to_drop,A drop was attempted while carrying nothing.,[nothing to drop]
fail.no_room_to_drop,There is no free tile to put the body on.,[no room to drop the body]
fail.nothing_to_hide,A hide was attempted while carrying nothing.,[nothing to hide]
fail.container_gone,The container is no longer there.,[the container is gone]
fail.container_refused,The container cannot take the body.,[the container will not take it]
fail.nothing_to_use,There is no machine to use.,[nothing to use there]
fail.machine_spent,The machine has already been used.,[it has already been used]
fail.door_locked,The door is locked.,[the door is locked]
fail.doorway_blocked,Something is standing in the doorway.,[the doorway is blocked]
fail.door_not_locked,The door has no lock to pick.,[that door is not locked]
fail.no_charges,No noisemaker charges remain.,[no noisemaker charges left]
fail.pockets_full_item,An item could not be lifted because the inventory is full.,[your pockets are full]
fail.blocked_person,Movement was blocked by another person.,[the way is blocked by another person]
fail.blocked_furniture,Movement was blocked by furniture or a wall.,[the way is blocked by furniture or a wall]
fail.someone_first,Two actors moved for the same tile and the other won.,[someone got there first]

# --- perception alarms -----------------------------------------------------
perception.alarm.weapon,What an observer reacts to when they see a drawn weapon.,[a drawn weapon]
perception.alarm.body_carry,What an observer reacts to when they see a body being moved.,[someone hauling a body]
perception.body_found,Breach reason and log line when a corpse the player made is discovered.,[a body of your making was discovered]
perception.alarm_raised,"A guard escalated to alerted. {name} is the guard.",[{name} raises the alarm!]
perception.screams,"A civilian panicked. {name} is the civilian.",[{name} screams and runs]
perception.spots,"Someone saw something alarming. {name} the observer, {cause} what they saw.",[{name} spots {cause}!]
perception.backs_away,"Someone retreated in fear. {name} is the observer.",[{name} backs away in fear]
perception.heard,"Someone noticed a noise. {name} is the observer.",[{name} heard something]
perception.flinches,"Someone reacted to a noise without investigating. {name} is the observer.",[{name} flinches at the noise]
perception.investigates,"Someone went to check a noise. {name} is the observer.",[{name} goes to check a noise]
perception.sees_through,"An observer recognised the disguise. {name} is the observer.",[{name} sees through you!]
perception.wants_no_part,"An observer chose to flee rather than engage. {name} is the observer.",[{name} wants no part of this]
perception.comes_to_look,"An observer became suspicious enough to approach. {name} is the observer.",[{name} comes to take a look]
perception.watching,"An observer is suspicious but has not moved. {name} is the observer.",[{name} is watching you]
perception.joins_hunt,"An alerted guard spread the alarm to another. {name} is the recruit.",[{name} joins the hunt]

# --- contract conditions ---------------------------------------------------
contract.no_firearms.long,Full statement of the no-gunfire condition on the briefing.,"[no gunfire - the silenced pistol stays holstered (the garrote and ""accidents"" are still fair game)]"
contract.no_firearms.short,Abbreviated no-gunfire condition for the board and sidebar.,[no gunfire]
contract.no_firearms.breach,Breach reason when a firearm is fired.,[the pistol was fired]
contract.no_collateral.long,Full statement of the no-collateral condition.,[no collateral - only the target and their guards may die by your hand]
contract.no_collateral.short,Abbreviated no-collateral condition.,[no collateral]
contract.no_collateral.breach,Breach reason when a bystander dies.,[a bystander died by your hand]
contract.no_bodies.long,Full statement of the no-bodies-found condition.,[leave no trace - no body of your making may be discovered before you extract (stash them in containers)]
contract.no_bodies.short,Abbreviated no-bodies-found condition.,[no bodies found]
contract.private_kill.long,"Full statement of the private-kill condition. {rooms} names the qualifying rooms.","[kill in private - the target must die inside {rooms}, not out among the guests or in a corridor]"
contract.private_kill.short_named,"Abbreviated private-kill condition naming one room. {room} is its name.",[kill in the {room}]
contract.private_kill.short_office,Abbreviated private-kill condition when several rooms qualify.,[kill in an office]
contract.private_kill.short_private,Abbreviated private-kill condition when no room can be named.,[kill in private]
contract.private_kill.fallback_room,Stands in for a room name when the qualifying rooms cannot be named.,[a private office]
contract.private_kill.breach,"Breach reason for a public kill. {where} where it happened, {needed} where it should have.",[the target died in {where} - the kill had to happen in {needed}]
contract.private_kill.open_floor,Names the place of death when it was not inside any room.,[the open floor]
contract.exit_via.long,"Full statement of the named-exit condition. {room} is the exit room.",[leave the way the client dictates: extract via the {room}]
contract.exit_via.short,"Abbreviated named-exit condition. {room} is the exit room.",[exit via {room}]
contract.exit_via.breach,"Breach reason for leaving by the wrong exit. {room} is the named one.",[you left by the wrong exit - the contract named the {room}]

# --- key bindings: palette actions ----------------------------------------
keymap.action.wait.label,Palette label for the wait key. Must fit 14 columns with brackets.,[wait]
keymap.action.wait.help,Help line for the wait key.,[let a turn pass; Space does the same]
keymap.action.crouch.label,Palette label for crouch.,[crouch]
keymap.action.crouch.help,Help line for crouch.,"[crouch: quieter and harder to see, but slower to read the room]"
keymap.action.draw.label,Palette label for draw/holster. Exactly fills the 14-column palette cell.,[draw/holster]
keymap.action.draw.help,Help line for draw/holster.,[draw or put away a firearm; drawn weapons alarm anyone who sees them]
keymap.action.garrote.label,Palette label for garrote.,[garrote]
keymap.action.garrote.help,Help line for garrote.,"[garrote someone from behind: silent, and lethal]"
keymap.action.shoot.label,Palette label for shoot.,[shoot]
keymap.action.shoot.help,Help line for shoot.,"[shoot a visible target; f cycles targets, Enter fires]"
keymap.action.pickpocket.label,Palette label for pickpocket.,[pickpocket]
keymap.action.pickpocket.help,Help line for pickpocket.,"[steal from the living, loot the dead]"
keymap.action.disguise.label,Palette label for taking a disguise.,[disguise]
keymap.action.disguise.help,Help line for taking a disguise.,[take clothes from a body or a wardrobe; needs free hands]
keymap.action.carry.label,Palette label for carry/drop body.,[carry/drop]
keymap.action.carry.help,Help line for carry/drop body.,[pick up or put down a body; b again drops it on your own tile]
keymap.action.hide.label,Palette label for hide body.,[hide body]
keymap.action.hide.help,Help line for hide body.,[stow a carried body in a container so nobody finds it]
keymap.action.open.label,Palette label for open door.,[open door]
keymap.action.open.help,Help line for open door.,[open an adjacent door]
keymap.action.close.label,Palette label for close door.,[close door]
keymap.action.close.help,Help line for close door.,[close an adjacent door behind you]
keymap.action.lock.label,Palette label for pick lock.,[pick lock]
keymap.action.lock.help,Help line for pick lock.,"[pick a locked door: slow, and suspicious if seen]"
keymap.action.noise.label,Palette label for the noisemaker.,[noisemaker]
keymap.action.noise.help,Help line for the noisemaker.,[throw a noisemaker at a tile to pull people towards it]
keymap.action.machine.label,Palette label for using a machine.,[use machine]
keymap.action.machine.help,Help line for using a machine.,[use an adjacent opportunity machine]
keymap.action.look.label,Palette label for the free look cursor.,[look]
keymap.action.look.help,Help line for the free look cursor.,[free look cursor; costs no time and pauses nothing you planned]

# --- key bindings: non-palette controls ------------------------------------
keymap.control.move.short,Compact start-screen label for the arrow keys.,[move]
keymap.control.move.help,Help line for the arrow keys.,"[move, or aim whatever you are currently pointing]"
keymap.control.slot.short,Compact label for the inventory slot keys.,[read a slot]
keymap.control.slot.help,Help line for the inventory slot keys.,[read what an inventory slot holds]
keymap.control.speed.short,Compact label for the speed keys.,[speed]
keymap.control.speed.help,Help line for the speed keys.,[slow down or speed up the display; the run is unaffected]
keymap.control.cancel.short,Compact label for Escape.,[cancel]
keymap.control.cancel.help,Help line for Escape.,"[cancel what you are aiming, or stop what you planned]"
keymap.control.undo.short,Compact label for Backspace.,[take back]
keymap.control.undo.help,Help line for Backspace.,[take back the last thing you planned]
keymap.control.help.short,Compact label for the help key.,[help]
keymap.control.help.help,Help line for the help key.,[this help]
keymap.control.abandon.short,Compact label for the abandon key.,[abandon run]
keymap.control.abandon.help,Help line for the abandon key.,[abandon the run (asks first)]

# --- help overlay ----------------------------------------------------------
keymap.category.stance,Help overlay heading for movement and stance verbs.,[stance]
keymap.category.stealth,Help overlay heading for quiet verbs.,[quiet work]
keymap.category.force,Help overlay heading for loud verbs.,[force]
keymap.category.world,Help overlay heading for door and machine verbs.,[the room]
keymap.category.controls,Help overlay heading for the non-palette controls.,[getting around]
ui.mission.help.title,Title bar of the help overlay; also says how to leave it.,[ help - any key returns to the mission ]

# --- pacing labels ---------------------------------------------------------
speed.slow,Presentation pacing label.,[slow]
speed.normal,Presentation pacing label.,[normal]
speed.fast,Presentation pacing label.,[fast]
speed.instant,Presentation pacing label.,[instant]

# --- NPC states ------------------------------------------------------------
mood.relaxed,How an unaware NPC reads in the threat list.,[unaware]
mood.suspicious,How a suspicious NPC reads.,[suspicious]
mood.investigating,How an investigating NPC reads.,[investigating]
mood.alerted,How an alerted NPC reads.,[alerted]
mood.escorting,How an escorting NPC reads.,[escorting]
mood.combat,How an attacking NPC reads.,[attacking]
mood.fleeing,How a fleeing NPC reads.,[fleeing]

# --- roles and tiers -------------------------------------------------------
role.civilian,Role name shown in tile inspection.,[civilian]
role.bartender,Role name shown in tile inspection.,[bartender]
role.cleaner,Role name shown in tile inspection.,[cleaner]
role.technician,Role name shown in tile inspection.,[technician]
role.manager,Role name shown in tile inspection.,[manager]
role.guard,Role name shown in tile inspection.,[guard]
zone.public,Neutral access tier name; venues supply flavoured labels.,[public]
zone.secure,Neutral access tier name.,[secure]
zone.staff,Neutral access tier name.,[staff]
zone.personal,Neutral access tier name.,[personal]
approach.physical,Equipment catalogue play style.,[physical stealth]
approach.social,Equipment catalogue play style.,[social stealth]
approach.violence,Equipment catalogue play style.,[violence]

# --- venues ----------------------------------------------------------------
venue.nightclub.name,Venue name on the contract board and briefing.,[nightclub]
venue.nightclub.zone.public,What the nightclub calls its public tier.,[public]
venue.nightclub.zone.staff,What the nightclub calls its staff tier.,[staff]
venue.nightclub.zone.secure,What the nightclub calls its secure tier.,[VIP]
venue.nightclub.zone.personal,What the nightclub calls its personal tier.,[private]
venue.nightclub.invitation,What the nightclub calls its secure-tier invitation.,[VIP invitation]
venue.warehouse.name,Venue name on the contract board and briefing.,[bonded warehouse]
venue.warehouse.zone.public,What the warehouse calls its public tier.,[front-of-house]
venue.warehouse.zone.staff,What the warehouse calls its staff tier.,[the floor]
venue.warehouse.zone.secure,What the warehouse calls its secure tier.,[the cage]
venue.warehouse.zone.personal,What the warehouse calls its personal tier.,[management]
venue.warehouse.invitation,What the warehouse calls its secure-tier invitation.,[visitor pass]
venue.grand-hotel.name,Venue name on the contract board and briefing.,[grand hotel]
venue.grand-hotel.zone.public,What the hotel calls its public tier.,[the floor]
venue.grand-hotel.zone.staff,What the hotel calls its staff tier.,[back of house]
venue.grand-hotel.zone.secure,What the hotel calls its secure tier.,[the residence]
venue.grand-hotel.zone.personal,What the hotel calls its personal tier.,[private]
venue.grand-hotel.invitation,What the hotel calls its secure-tier invitation.,[residence key card]

# --- disguises -------------------------------------------------------------
disguise.civilian.name,Disguise name in the sidebar and briefing.,[civilian clothes]
disguise.staff.name,Disguise name in the sidebar and briefing.,[staff uniform]
disguise.guard.name,Disguise name in the sidebar and briefing.,[guard uniform]
disguise.manager.name,Disguise name in the sidebar and briefing.,[manager's suit]

# --- items -----------------------------------------------------------------
item.silenced-pistol.name,Item name in the shop and inventory.,[silenced pistol]
item.garrote.name,Item name in the shop and inventory.,[garrote]
item.lockpicks.name,Item name in the shop and inventory.,[lockpicks]
item.noisemaker.name,Item name in the shop and inventory.,[noisemaker charges]
item.forged-pass.name,Item name in the shop and inventory.,[forged staff pass]
item.counterfeit-invitation.name,Item name in the shop and inventory.,[counterfeit invitation]
item.vip-invitation.name,Item name in the inventory; carried by tagged VIP guests.,[VIP invitation]
item.office-key.name,Item name in the inventory.,[manager's office key]
item.security-key.name,Item name in the inventory.,[security office key]
item.service-master-key.name,Item name in the inventory; placed by the key cache.,[service master key]
item.foreman-key.name,Item name in the inventory.,[foreman's key]

# --- opportunity machines --------------------------------------------------
opportunity.fuse-box.name,Machine name in tile inspection.,[fuse box]
opportunity.fuse-box.risk,What using the fuse box costs you if seen.,[sparks fly; tampering in view of anyone is alarming]
opportunity.fuse-box.presentation,What the fuse box looks like from across the room.,"[a humming fuse box, its panel hanging open]"
opportunity.uniform-store.name,Machine name in tile inspection.,[uniform store]
opportunity.uniform-store.risk,What using the uniform store costs you.,[changing clothes takes time you may not have]
opportunity.uniform-store.presentation,What the uniform store looks like.,[a rack of pressed staff uniforms]
opportunity.rigged-hoist.name,Machine name in tile inspection.,[loading hoist]
opportunity.rigged-hoist.risk,What the rigged hoist does when triggered.,[the crate falls only on whoever stands beneath]
opportunity.rigged-hoist.presentation,What the rigged hoist looks like.,"[a strained cargo hoist, its brake lever within reach]"
opportunity.key-cache.name,Machine name in tile inspection.,[key cache]
opportunity.key-cache.risk,What taking from the key cache risks.,[someone may notice the master key is missing]
opportunity.key-cache.presentation,What the key cache looks like.,[a wall box of labelled duplicate keys]
opportunity.fire-alarm.name,Machine name in tile inspection.,[fire alarm]
opportunity.fire-alarm.risk,What pulling the fire alarm does.,[pulling it in view of anyone is alarming; the club will empty]
opportunity.fire-alarm.presentation,What the fire alarm looks like.,[a red fire alarm pull station]
opportunity.hint,"A discoverable machine on the briefing. {presentation} look, {room} where.",[{presentation} in {room}]

# --- room names ------------------------------------------------------------
room.entrance.name,Room name on the map panel and briefing.,[entrance hall]
room.dance-floor.name,Room name on the map panel and briefing.,[dance floor]
room.bar.name,Room name on the map panel and briefing.,[bar]
room.bathroom.name,Room name on the map panel and briefing.,[bathroom]
room.vip-lounge.name,Room name on the map panel and briefing.,[VIP lounge]
room.kitchen.name,Room name on the map panel and briefing.,[kitchen]
room.storage.name,Room name on the map panel and briefing.,[storage room]
room.maintenance.name,Room name on the map panel and briefing.,[maintenance room]
room.manager-office.name,Room name on the map panel and briefing.,[manager's office]
room.security-office.name,Room name on the map panel and briefing.,[security office]
room.loading-bay.name,Room name on the map panel and briefing.,[loading bay]
room.service-corridor.name,Room name on the map panel and briefing.,[service corridor]
room.reception.name,Room name on the map panel and briefing.,[reception]
room.dispatch-office.name,Room name on the map panel and briefing.,[dispatch office]
room.storage-floor.name,Room name on the map panel and briefing.,[storage floor]
room.break-room.name,Room name on the map panel and briefing.,[break room]
room.the-cage.name,Room name on the map panel and briefing.,[the cage]
room.foreman-office.name,Room name on the map panel and briefing.,[foreman's office]
room.dock.name,Room name on the map panel and briefing.,[loading dock]
room.corridor.name,Stands in for a room name outside any room.,[the corridor]

# --- districts (ordered pool; ids sort into campaign order) ----------------
campaign.district.01,Campaign district name on the contract board.,[Docklands]
campaign.district.02,Campaign district name on the contract board.,[Midtown]
campaign.district.03,Campaign district name on the contract board.,[The Neon Mile]

# --- why the target is marked (ordered pool, picked by mission seed) -------
briefing.reason.01,Elimination reason clause; reads after 'the target'.,[launders syndicate money through the club's books]
briefing.reason.02,Elimination reason clause; reads after 'the target'.,[sold the network's courier routes to a rival outfit]
briefing.reason.03,Elimination reason clause; reads after 'the target'.,[is about to testify to the licensing board]
briefing.reason.04,Elimination reason clause; reads after 'the target'.,[has been skimming protection payments for years]
briefing.reason.05,Elimination reason clause; reads after 'the target'.,[brokered the deal that got our last operative caught]
briefing.reason.06,Elimination reason clause; reads after 'the target'.,[keeps a ledger of names that must not surface]

# --- generated person names (ordered pools) --------------------------------
names.first.01,Given name for a generated actor.,[Adri]
names.first.02,Given name for a generated actor.,[Bruno]
names.first.03,Given name for a generated actor.,[Cass]
names.first.04,Given name for a generated actor.,[Dmitri]
names.first.05,Given name for a generated actor.,[Elena]
names.first.06,Given name for a generated actor.,[Femi]
names.first.07,Given name for a generated actor.,[Greta]
names.first.08,Given name for a generated actor.,[Hugo]
names.first.09,Given name for a generated actor.,[Ines]
names.first.10,Given name for a generated actor.,[Janek]
names.first.11,Given name for a generated actor.,[Kira]
names.first.12,Given name for a generated actor.,[Luca]
names.first.13,Given name for a generated actor.,[Mara]
names.first.14,Given name for a generated actor.,[Nadia]
names.first.15,Given name for a generated actor.,[Otto]
names.first.16,Given name for a generated actor.,[Priya]
names.first.17,Given name for a generated actor.,[Quentin]
names.first.18,Given name for a generated actor.,[Rosa]
names.first.19,Given name for a generated actor.,[Sasha]
names.first.20,Given name for a generated actor.,[Tomas]
names.first.21,Given name for a generated actor.,[Ulla]
names.first.22,Given name for a generated actor.,[Viktor]
names.first.23,Given name for a generated actor.,[Wanda]
names.first.24,Given name for a generated actor.,[Yusuf]
names.last.01,Family name for a generated actor.,[Aldana]
names.last.02,Family name for a generated actor.,[Barsotti]
names.last.03,Family name for a generated actor.,[Cervenka]
names.last.04,Family name for a generated actor.,[Dragomir]
names.last.05,Family name for a generated actor.,[Eklund]
names.last.06,Family name for a generated actor.,[Ferro]
names.last.07,Family name for a generated actor.,[Gallo]
names.last.08,Family name for a generated actor.,[Hettner]
names.last.09,Family name for a generated actor.,[Ivanova]
names.last.10,Family name for a generated actor.,[Jelen]
names.last.11,Family name for a generated actor.,[Kovac]
names.last.12,Family name for a generated actor.,[Lindqvist]
names.last.13,Family name for a generated actor.,[Moreau]
names.last.14,Family name for a generated actor.,[Novak]
names.last.15,Family name for a generated actor.,[Okafor]
names.last.16,Family name for a generated actor.,[Petrov]
names.last.17,Family name for a generated actor.,[Quist]
names.last.18,Family name for a generated actor.,[Ramos]
names.last.19,Family name for a generated actor.,[Sokolov]
names.last.20,Family name for a generated actor.,[Tanaka]
names.last.21,Family name for a generated actor.,[Ullmann]
names.last.22,Family name for a generated actor.,[Varga]
names.last.23,Family name for a generated actor.,[Weiss]
names.last.24,Family name for a generated actor.,[Zeman]
